x,FittedCDF
0.05,0
0.0503338898163606,0.00883477638765575
0.0506677796327212,0.0147501389950321
0.0510016694490818,0.0199071499521114
0.0513355592654424,0.0246261581308111
0.051669449081803,0.0290441074764702
0.0520033388981636,0.0332360680004152
0.0523372287145242,0.0372489739585879
0.0526711185308848,0.0411147084436266
0.0530050083472454,0.0448562138787763
0.053338898163606,0.0484907148146011
0.0536727879799666,0.0520315719025053
0.0540066777963272,0.055489420574293
0.0543405676126878,0.0588729071876867
0.0546744574290484,0.062189185011992
0.055008347245409,0.0654442599777842
0.0553422370617696,0.0686432386824256
0.0556761268781302,0.0717905106644209
0.0560100166944908,0.0748898852072019
0.0563439065108514,0.0779446959090645
0.056677796327212,0.0809578819089515
0.0570116861435726,0.0839320518844121
0.0573455759599332,0.0868695351208095
0.0576794657762938,0.0897724227315731
0.0580133555926544,0.0926426012737819
0.058347245409015,0.0954817804198648
0.0586811352253756,0.0982915159316695
0.0590150250417362,0.101073228884033
0.0593489148580968,0.103828221866071
0.0596828046744574,0.106557692726095
0.060016694490818,0.109262746304264
0.0603505843071786,0.111944404504688
0.0606844741235392,0.114603614987883
0.0610183639398998,0.117241258709671
0.0613522537562604,0.119858156489858
0.061686143572621,0.122455074760362
0.0620200333889816,0.125032730615759
0.0623539232053422,0.127591796267882
0.0626878130217028,0.130132902988988
0.0630217028380634,0.132656644614069
0.063355592654424,0.135163580661636
0.0636894824707847,0.137654239123013
0.0640233722871452,0.140129118962548
0.0643572621035058,0.142588692364887
0.0646911519198664,0.145033406760141
0.065025041736227,0.147463686653466
0.0653589315525877,0.149879935281852
0.0656928213689482,0.152282536117827
0.0660267111853089,0.154671854237186
0.0663606010016695,0.157048237565605
0.0666944908180301,0.159412018017113
0.0670283806343906,0.16176351253577
0.0673622704507513,0.164103024050531
0.0676961602671119,0.166430842352032
0.0680300500834725,0.16874724489906
0.0683639398998331,0.171052497561519
0.0686978297161937,0.173346855305972
0.0690317195325543,0.175630562829128
0.0693656093489149,0.177903855144078
0.0696994991652755,0.180166958123552
0.0700333889816361,0.182420089004025
0.0703672787979967,0.1846634568541
0.0707011686143573,0.186897263010228
0.0710350584307179,0.189121701482558
0.0713689482470785,0.191336959333383
0.0717028380634391,0.193543217030436
0.0720367278797997,0.19574064877708
0.0723706176961603,0.197929422821211
0.0727045075125209,0.200109701744564
0.0730383973288815,0.202281642733909
0.0733722871452421,0.204445397835548
0.0737061769616027,0.206601114194332
0.0740400667779633,0.20874893427837
0.0743739565943239,0.210888996090459
0.0747078464106845,0.213021433367196
0.0750417362270451,0.21514637576664
0.0753756260434057,0.217263949045339
0.0757095158597663,0.21937427522544
0.0760434056761269,0.221477472752572
0.0763772954924875,0.223573656645115
0.0767111853088481,0.225662938635437
0.0770450751252087,0.227745427303612
0.0773789649415693,0.229821228204122
0.0777128547579299,0.231890443985981
0.0780467445742905,0.233953174506708
0.0783806343906511,0.236009516940517
0.0787145242070117,0.238059565881103
0.0790484140233723,0.240103413439336
0.0793823038397329,0.242141149336179
0.0797161936560935,0.244172860991116
0.0800500834724541,0.24619863360635
0.0803839732888147,0.248218550247019
0.0807178631051753,0.250232691917667
0.0810517529215359,0.252241137635172
0.0813856427378965,0.254243964498342
0.0817195325542571,0.256241247754359
0.0820534223706177,0.258233060862245
0.0823873121869783,0.260219475553518
0.0827212020033389,0.262200561890187
0.0830550918196995,0.264176388320225
0.0833889816360601,0.266147021730664
0.0837228714524207,0.268112527498422
0.0840567612687813,0.270072969539
0.0843906510851419,0.272028410353135
0.0847245409015025,0.273978911071535
0.0850584307178631,0.275924531497777
0.0853923205342237,0.277865330149475
0.0857262103505843,0.279801364297782
0.0860601001669449,0.281732690005333
0.0863939899833055,0.283659362162689
0.0867278797996661,0.285581434523355
0.0870617696160267,0.287498959737446
0.0873956594323873,0.289411989384064
0.0877295492487479,0.291320574002439
0.0880634390651085,0.293224763121905
0.0883973288814691,0.295124605290748
0.0887312186978297,0.297020148103996
0.0890651085141903,0.298911438230181
0.0893989983305509,0.300798521437129
0.0897328881469115,0.302681442616829
0.0900667779632721,0.304560245809398
0.0904006677796327,0.306434974226206
0.0907345575959933,0.308305670272185
0.0910684474123539,0.31017237556736
0.0914023372287145,0.312035130967634
0.0917362270450751,0.313893976584859
0.0920701168614357,0.315748951806226
0.0924040066777963,0.317600095312998
0.0927378964941569,0.319447445098615
0.0930717863105175,0.321291038486201
0.0934056761268781,0.323130912145485
0.0937395659432387,0.324967102109178
0.0940734557595993,0.326799643788809
0.0944073455759599,0.328628571990058
0.0947412353923205,0.330453920927591
0.0950751252086811,0.332275724239429
0.0954090150250417,0.334094015000863
0.0957429048414023,0.335908825737931
0.0960767946577629,0.337720188440478
0.0964106844741235,0.339528134574817
0.0967445742904841,0.341332695095992
0.0970784641068448,0.34313390045968
0.0974123539232054,0.344931780633726
0.0977462437395659,0.346726365109333
0.0980801335559265,0.348517682911925
0.0984140233722871,0.350305762611679
0.0987479131886478,0.352090632333756
0.0990818030050084,0.353872319768229
0.0994156928213689,0.355650852179727
0.0997495826377296,0.3574262564168
0.10008347245409,0.359198558921014
0.100417362270451,0.36096778573579
0.100751252086811,0.362733962514999
0.101085141903172,0.364497114531306
0.101419031719533,0.366257266684286
0.101752921535893,0.368014443508325
0.102086811352254,0.369768669180284
0.102420701168614,0.371519967526977
0.102754590984975,0.373268362032428
0.103088480801336,0.375013875844938
0.103422370617696,0.37675653178397
0.103756260434057,0.378496352346842
0.104090150250417,0.380233359715244
0.104424040066778,0.381967575761588
0.104757929883139,0.383699022055189
0.105091819699499,0.385427719868286
0.10542570951586,0.38715369018191
0.10575959933222,0.388876953691596
0.106093489148581,0.390597530812956
0.106427378964942,0.392315441687106
0.106761268781302,0.394030706185957
0.107095158597663,0.395743343917377
0.107429048414023,0.397453374230222
0.107762938230384,0.399160816219238
0.108096828046745,0.400865688729852
0.108430717863105,0.402568010362837
0.108764607679466,0.404267799478869
0.109098497495826,0.40596507420297
0.109432387312187,0.407659852428848
0.109766277128548,0.409352151823129
0.110100166944908,0.411041989829493
0.110434056761269,0.412729383672706
0.110767946577629,0.414414350362565
0.11110183639399,0.416096906697742
0.111435726210351,0.417777069269548
0.111769616026711,0.419454854465601
0.112103505843072,0.421130278473413
0.112437395659432,0.422803357283902
0.112771285475793,0.424474106694807
0.113105175292154,0.426142542314047
0.113439065108514,0.427808679562986
0.113772954924875,0.429472533679633
0.114106844741235,0.431134119721776
0.114440734557596,0.432793452570032
0.114774624373957,0.434450546930844
0.115108514190317,0.436105417339405
0.115442404006678,0.437758078162518
0.115776293823038,0.439408543601397
0.116110183639399,0.441056827694407
0.11644407345576,0.44270294431974
0.11677796327212,0.444346907198041
0.117111853088481,0.445988729894976
0.117445742904841,0.44762842582374
0.117779632721202,0.449266008247519
0.118113522537563,0.4509014902819
0.118447412353923,0.452534884897224
0.118781302170284,0.454166204920897
0.119115191986644,0.455795463039655
0.119449081803005,0.457422671801769
0.119782971619366,0.459047843619223
0.120116861435726,0.460670990769836
0.120450751252087,0.462292125399341
0.120784641068447,0.46391125952343
0.121118530884808,0.465528405029747
0.121452420701169,0.467143573679853
0.121786310517529,0.468756777111141
0.12212020033389,0.47036802683872
0.12245409015025,0.471977334257261
0.122787979966611,0.473584710642802
0.123121869782972,0.475190167154526
0.123455759599332,0.476793714836496
0.123789649415693,0.47839536461936
0.124123539232053,0.479995127322028
0.124457429048414,0.481593013653306
0.124791318864775,0.483189034213509
0.125125208681135,0.484783199496038
0.125459098497496,0.48637551988893
0.125792988313856,0.487966005676373
0.126126878130217,0.489554667040203
0.126460767946578,0.49114151406136
0.126794657762938,0.492726556721329
0.127128547579299,0.494309804903549
0.127462437395659,0.495891268394791
0.12779632721202,0.497470956886524
0.128130217028381,0.499048879976238
0.128464106844741,0.500625047168761
0.128797996661102,0.502199467877543
0.129131886477462,0.503772151425911
0.129465776293823,0.505343107048317
0.129799666110184,0.506912343891548
0.130133555926544,0.508479871015927
0.130467445742905,0.510045697396483
0.130801335559265,0.511609831924105
0.131135225375626,0.513172283406676
0.131469115191987,0.514733060570187
0.131803005008347,0.516292172059827
0.132136894824708,0.517849626441064
0.132470784641068,0.519405432200694
0.132804674457429,0.520959597747885
0.13313856427379,0.522512131415192
0.13347245409015,0.524063041459565
0.133806343906511,0.52561233606333
0.134140233722871,0.52716002333516
0.134474123539232,0.528706111311026
0.134808013355593,0.530250607955138
0.135141903171953,0.531793521160857
0.135475792988314,0.533334858751612
0.135809682804674,0.534874628481778
0.136143572621035,0.536412838037562
0.136477462437396,0.537949495037858
0.136811352253756,0.539484607035096
0.137145242070117,0.541018181516073
0.137479131886477,0.542550225902778
0.137813021702838,0.544080747553192
0.138146911519199,0.545609753762082
0.138480801335559,0.547137251761787
0.13881469115192,0.548663248722979
0.13914858096828,0.550187751755422
0.139482470784641,0.551710767908713
0.139816360601002,0.553232304173017
0.140150250417362,0.554752367479786
0.140484140233723,0.556270964702465
0.140818030050083,0.557788102657193
0.141151919866444,0.559303788103487
0.141485809682805,0.56081802774492
0.141819699499165,0.562330828229787
0.142153589315526,0.563842196151754
0.142487479131886,0.565352138050514
0.142821368948247,0.56686066041241
0.143155258764608,0.56836776967107
0.143489148580968,0.569873472208017
0.143823038397329,0.571377774353279
0.14415692821369,0.572880682385981
0.14449081803005,0.574382202534943
0.144824707846411,0.575882340979247
0.145158597662771,0.577381103848818
0.145492487479132,0.578878497224981
0.145826377295492,0.580374527141016
0.146160267111853,0.581869199582703
0.146494156928214,0.583362520488861
0.146828046744574,0.584854495751876
0.147161936560935,0.586345131218223
0.147495826377296,0.587834432688983
0.147829716193656,0.589322405920344
0.148163606010017,0.590809056624106
0.148497495826377,0.592294390468169
0.148831385642738,0.593778413077024
0.149165275459099,0.59526113003222
0.149499165275459,0.596742546872847
0.14983305509182,0.598222669095994
0.15016694490818,0.599701502157207
0.150500834724541,0.601179051470943
0.150834724540902,0.602655322411012
0.151168614357262,0.604130320311017
0.151502504173623,0.605604050464789
0.151836393989983,0.607076518126808
0.152170283806344,0.608547728512626
0.152504173622705,0.610017686799284
0.152838063439065,0.611486398125718
0.153171953255426,0.612953867593163
0.153505843071786,0.614420100265551
0.153839732888147,0.615885101169902
0.154173622704508,0.617348875296713
0.154507512520868,0.618811427600336
0.154841402337229,0.620272762999359
0.155175292153589,0.621732886376973
0.15550918196995,0.623191802581342
0.155843071786311,0.62464951642596
0.156176961602671,0.626106032690012
0.156510851419032,0.627561356118721
0.156844741235392,0.6290154914237
0.157178631051753,0.63046844328329
0.157512520868114,0.631920216342899
0.157846410684474,0.633370815215338
0.158180300500835,0.634820244481146
0.158514190317195,0.636268508688917
0.158848080133556,0.637715612355621
0.159181969949917,0.639161559966916
0.159515859766277,0.640606355977467
0.159849749582638,0.642050004811245
0.160183639398998,0.643492510861842
0.160517529215359,0.64493387849276
0.16085141903172,0.646374112037716
0.16118530884808,0.647813215800928
0.161519198664441,0.649251194057409
0.161853088480801,0.650688051053249
0.162186978297162,0.652123791005895
0.162520868113523,0.653558418104433
0.162854757929883,0.654991936509859
0.163188647746244,0.656424350355351
0.163522537562604,0.657855663746538
0.163856427378965,0.659285880761759
0.164190317195326,0.660715005452332
0.164524207011686,0.662143041842803
0.164858096828047,0.663569993931205
0.165191986644407,0.66499586568931
0.165525876460768,0.666420661062875
0.165859766277129,0.667844383971887
0.166193656093489,0.669267038310805
0.16652754590985,0.6706886279488
0.16686143572621,0.672109156729994
0.167195325542571,0.673528628473686
0.167529215358932,0.67494704697459
0.167863105175292,0.676364416003056
0.168196994991653,0.6777807393053
0.168530884808013,0.679196020603627
0.168864774624374,0.680610263596643
0.169198664440735,0.682023471959481
0.169532554257095,0.68343564934401
0.169866444073456,0.684846799379048
0.170200333889816,0.686256925670571
0.170534223706177,0.687666031801921
0.170868113522538,0.68907412133401
0.171202003338898,0.69048119780552
0.171535893155259,0.691887264733105
0.171869782971619,0.693292325611588
0.17220367278798,0.694696383914154
0.172537562604341,0.696099443092544
0.172871452420701,0.697501506577248
0.173205342237062,0.698902577777688
0.173539232053422,0.700302660082408
0.173873121869783,0.701701756859255
0.174207011686144,0.703099871455565
0.174540901502504,0.704497007198339
0.174874791318865,0.705893167394421
0.175208681135225,0.707288355330677
0.175542570951586,0.708682574274165
0.175876460767947,0.710075827472307
0.176210350584307,0.711468118153061
0.176544240400668,0.712859449525088
0.176878130217028,0.714249824777915
0.177212020033389,0.715639247082105
0.17754590984975,0.717027719589413
0.17787979966611,0.718415245432951
0.178213689482471,0.719801827727345
0.178547579298831,0.721187469568892
0.178881469115192,0.722572174035713
0.179215358931553,0.723955944187912
0.179549248747913,0.725338783067722
0.179883138564274,0.726720693699657
0.180217028380634,0.728101679090664
0.180550918196995,0.729481742230263
0.180884808013356,0.730860886090698
0.181218697829716,0.73223911362708
0.181552587646077,0.733616427777524
0.181886477462437,0.734992831463297
0.182220367278798,0.736368327588951
0.182554257095159,0.737742919042465
0.182888146911519,0.739116608695377
0.18322203672788,0.740489399402923
0.18355592654424,0.741861294004165
0.183889816360601,0.743232295322128
0.184223706176962,0.744602406163927
0.184557595993322,0.745971629320899
0.184891485809683,0.747339967568724
0.185225375626043,0.748707423667561
0.185559265442404,0.750074000362165
0.185893155258765,0.751439700382014
0.186227045075125,0.752804526441432
0.186560934891486,0.754168481239708
0.186894824707846,0.755531567461217
0.187228714524207,0.756893787775538
0.187562604340568,0.758255144837571
0.187896494156928,0.759615641287656
0.188230383973289,0.760975279751685
0.188564273789649,0.762334062841215
0.18889816360601,0.763691993153583
0.189232053422371,0.765049073272017
0.189565943238731,0.766405305765746
0.189899833055092,0.767760693190107
0.190233722871452,0.769115238086657
0.190567612687813,0.770468942983277
0.190901502504174,0.771821810394279
0.191235392320534,0.773173842820511
0.191569282136895,0.77452504274946
0.191903171953255,0.775875412655356
0.192237061769616,0.777224954999271
0.192570951585977,0.778573672229224
0.192904841402337,0.779921566780275
0.193238731218698,0.781268641074628
0.193572621035058,0.78261489752173
0.193906510851419,0.783960338518362
0.19424040066778,0.785304966448739
0.19457429048414,0.786648783684604
0.194908180300501,0.787991792585321
0.195242070116861,0.78933399549797
0.195575959933222,0.790675394757437
0.195909849749583,0.792015992686505
0.196243739565943,0.793355791595946
0.196577629382304,0.79469479378461
0.196911519198664,0.796033001539511
0.197245409015025,0.79737041713592
0.197579298831386,0.798707042837446
0.197913188647746,0.800042880896126
0.198247078464107,0.801377933552506
0.198580968280467,0.802712203035731
0.198914858096828,0.804045691563624
0.199248747913189,0.805378401342772
0.199582637729549,0.806710334568604
0.19991652754591,0.808041493425475
0.20025041736227,0.809371880086747
0.200584307178631,0.810701496714867
0.200918196994992,0.812030345461445
0.201252086811352,0.813358428467334
0.201585976627713,0.814685747862709
0.201919866444073,0.816012305767138
0.202253756260434,0.817338104289665
0.202587646076795,0.818663145528879
0.202921535893155,0.819987431572993
0.203255425709516,0.821310964499915
0.203589315525876,0.822633746377324
0.203923205342237,0.823955779262739
0.204257095158598,0.825277065203593
0.204590984974958,0.826597606237306
0.204924874791319,0.82791740439135
0.205258764607679,0.829236461683325
0.20559265442404,0.830554780121024
0.205926544240401,0.831872361702503
0.206260434056761,0.833189208416151
0.206594323873122,0.834505322240751
0.206928213689482,0.835820705145555
0.207262103505843,0.837135359090345
0.207595993322204,0.8384492860255
0.207929883138564,0.839762487892059
0.208263772954925,0.84107496662179
0.208597662771285,0.842386724137248
0.208931552587646,0.843697762351842
0.209265442404007,0.845008083169898
0.209599332220367,0.846317688486717
0.209933222036728,0.847626580188641
0.210267111853088,0.848934760153113
0.210601001669449,0.850242230248734
0.21093489148581,0.851548992335328
0.21126878130217,0.852855048263998
0.211602671118531,0.854160399877186
0.211936560934891,0.85546504900873
0.212270450751252,0.856768997483925
0.212604340567613,0.858072247119577
0.212938230383973,0.859374799724061
0.213272120200334,0.860676657097378
0.213606010016694,0.861977821031208
0.213939899833055,0.863278293308972
0.214273789649416,0.864578075705878
0.214607679465776,0.865877169988982
0.214941569282137,0.867175577917239
0.215275459098497,0.868473301241558
0.215609348914858,0.869770341704853
0.215943238731219,0.871066701042097
0.216277128547579,0.872362380980374
0.21661101836394,0.873657383238931
0.2169449081803,0.874951709529228
0.217278797996661,0.876245361554988
0.217612687813022,0.877538341012251
0.217946577629382,0.878830649589421
0.218280467445743,0.880122288967315
0.218614357262103,0.881413260819214
0.218948247078464,0.882703566810911
0.219282136894825,0.883993208600758
0.219616026711185,0.885282187839716
0.219949916527546,0.886570506171401
0.220283806343907,0.887858165232131
0.220617696160267,0.889145166650972
0.220951585976628,0.890431512049789
0.221285475792988,0.891717203043283
0.221619365609349,0.893002241239045
0.22195325542571,0.894286628237597
0.22228714524207,0.895570365632437
0.222621035058431,0.896853455010084
0.222954924874791,0.898135897950122
0.223288814691152,0.899417696025243
0.223622704507513,0.900698850801292
0.223956594323873,0.901979363837307
0.224290484140234,0.903259236685565
0.224624373956594,0.90453847089162
0.224958263772955,0.905817067994349
0.225292153589316,0.907095029525993
0.225626043405676,0.908372357012195
0.225959933222037,0.909649051972045
0.226293823038397,0.910925115918116
0.226627712854758,0.912200550356509
0.226961602671119,0.91347535678689
0.227295492487479,0.914749536702531
0.22762938230384,0.916023091590346
0.2279632721202,0.917296022930935
0.228297161936561,0.918568332198619
0.228631051752922,0.919840020861479
0.228964941569282,0.921111090381396
0.229298831385643,0.922381542214086
0.229632721202003,0.923651377809138
0.229966611018364,0.924920598610053
0.230300500834725,0.926189206054278
0.230634390651085,0.927457201573245
0.230968280467446,0.928724586592407
0.231302170283806,0.929991362531272
0.231636060100167,0.931257530803439
0.231969949916528,0.932523092816637
0.232303839732888,0.933788049972755
0.232637729549249,0.935052403667882
0.232971619365609,0.936316155292335
0.23330550918197,0.937579306230701
0.233639398998331,0.938841857861865
0.233973288814691,0.940103811559048
0.234307178631052,0.941365168689835
0.234641068447412,0.942625930616215
0.234974958263773,0.94388609869461
0.235308848080134,0.945145674275909
0.235642737896494,0.946404658705498
0.235976627712855,0.947663053323297
0.236310517529215,0.948920859463787
0.236644407345576,0.950178078456046
0.236978297161937,0.951434711623778
0.237312186978297,0.952690760285343
0.237646076794658,0.953946225753794
0.237979966611018,0.955201109336899
0.238313856427379,0.95645541233718
0.23864774624374,0.957709136051937
0.2389816360601,0.958962281773283
0.239315525876461,0.960214850788169
0.239649415692821,0.961466844378421
0.239983305509182,0.962718263820759
0.240317195325543,0.963969110386835
0.240651085141903,0.965219385343259
0.240984974958264,0.966469089951627
0.241318864774624,0.96771822546855
0.241652754590985,0.968966793145685
0.241986644407346,0.970214794229758
0.242320534223706,0.971462229962596
0.242654424040067,0.972709101581153
0.242988313856427,0.973955410317538
0.243322203672788,0.975201157399045
0.243656093489149,0.976446344048172
0.243989983305509,0.977690971482659
0.24432387312187,0.978935040915506
0.24465776293823,0.980178553555002
0.244991652754591,0.981421510604755
0.245325542570952,0.982663913263713
0.245659432387312,0.983905762726193
0.245993322203673,0.985147060181905
0.246327212020033,0.986387806815978
0.246661101836394,0.987628003808988
0.246994991652755,0.988867652336978
0.247328881469115,0.99010675357149
0.247662771285476,0.991345308679582
0.247996661101836,0.99258331882386
0.248330550918197,0.993820785162495
0.248664440734558,0.995057708849256
0.248998330550918,0.996294091033526
0.249332220367279,0.997529932860331
0.249666110183639,0.998765235470362
0.25,1
